BOS,"Boston Celtics"
BOS,"Boston Celtics"
BOS,"Boston Celtics"
BOS,"Boston Celtics"
BOS,"Boston Celtics"
BOS,"Boston Celtics"
BOS,"Boston Celtics"
BOS,"Boston Celtics"
BOS,"Boston Celtics"
BOS,"Boston Celtics"
BOS,"Boston Celtics"
BOS,"Boston Celtics"
BOS,"Boston Celtics"
BOS,"Boston Celtics"
BOS,"Boston Celtics"
BOS,"Boston Celtics"
BOS,"Boston Celtics"
DEN,"Denver Nuggets"
DEN,"Denver Nuggets"
DEN,"Denver Nuggets"
DEN,"Denver Nuggets"
DEN,"Denver Nuggets"
DEN,"Denver Nuggets"
DEN,"Denver Nuggets"
DEN,"Denver Nuggets"
DEN,"Denver Nuggets"
DEN,"Denver Nuggets"
DEN,"Denver Nuggets"
DEN,"Denver Nuggets"
DEN,"Denver Nuggets"
DEN,"Denver Nuggets"
DEN,"Denver Nuggets"
DEN,"Denver Nuggets"
DEN,"Denver Nuggets"
DEN,"Denver Nuggets"
GSW,"Golden State Warriors"
GSW,"Golden State Warriors"
GSW,"Golden State Warriors"
GSW,"Golden State Warriors"
GSW,"Golden State Warriors"
GSW,"Golden State Warriors"
GSW,"Golden State Warriors"
GSW,"Golden State Warriors"
GSW,"Golden State Warriors"
GSW,"Golden State Warriors"
GSW,"Golden State Warriors"
GSW,"Golden State Warriors"
GSW,"Golden State Warriors"
GSW,"Golden State Warriors"
GSW,"Golden State Warriors"
GSW,"Golden State Warriors"
GSW,"Golden State Warriors"
HOU,"Houston Rockets"
HOU,"Houston Rockets"
HOU,"Houston Rockets"
HOU,"Houston Rockets"
HOU,"Houston Rockets"
HOU,"Houston Rockets"
HOU,"Houston Rockets"
HOU,"Houston Rockets"
HOU,"Houston Rockets"
HOU,"Houston Rockets"
HOU,"Houston Rockets"
HOU,"Houston Rockets"
HOU,"Houston Rockets"
HOU,"Houston Rockets"
HOU,"Houston Rockets"
HOU,"Houston Rockets"
HOU,"Houston Rockets"
HOU,"Houston Rockets"
HOU,"Houston Rockets"
HOU,"Houston Rockets"
HOU,"Houston Rockets"
HOU,"Houston Rockets"
HOU,"Houston Rockets"
MIL,"Milwaukee Bucks"
MIL,"Milwaukee Bucks"
MIL,"Milwaukee Bucks"
MIL,"Milwaukee Bucks"
MIL,"Milwaukee Bucks"
MIL,"Milwaukee Bucks"
MIL,"Milwaukee Bucks"
MIL,"Milwaukee Bucks"
MIL,"Milwaukee Bucks"
MIL,"Milwaukee Bucks"
MIL,"Milwaukee Bucks"
MIL,"Milwaukee Bucks"
MIL,"Milwaukee Bucks"
MIL,"Milwaukee Bucks"
MIL,"Milwaukee Bucks"
MIL,"Milwaukee Bucks"
MIL,"Milwaukee Bucks"
MIL,"Milwaukee Bucks"
MIL,"Milwaukee Bucks"
MIL,"Milwaukee Bucks"
MIL,"Milwaukee Bucks"
MIL,"Milwaukee Bucks"
MIL,"Milwaukee Bucks"
MIL,"Milwaukee Bucks"
OKC,"Oklahoma City Thunder"
OKC,"Oklahoma City Thunder"
OKC,"Oklahoma City Thunder"
OKC,"Oklahoma City Thunder"
OKC,"Oklahoma City Thunder"
OKC,"Oklahoma City Thunder"
OKC,"Oklahoma City Thunder"
OKC,"Oklahoma City Thunder"
OKC,"Oklahoma City Thunder"
OKC,"Oklahoma City Thunder"
OKC,"Oklahoma City Thunder"
OKC,"Oklahoma City Thunder"
OKC,"Oklahoma City Thunder"
OKC,"Oklahoma City Thunder"
OKC,"Oklahoma City Thunder"
OKC,"Oklahoma City Thunder"
OKC,"Oklahoma City Thunder"
OKC,"Oklahoma City Thunder"
PHI,"Philadelphia 76ers"
PHI,"Philadelphia 76ers"
PHI,"Philadelphia 76ers"
PHI,"Philadelphia 76ers"
PHI,"Philadelphia 76ers"
PHI,"Philadelphia 76ers"
PHI,"Philadelphia 76ers"
PHI,"Philadelphia 76ers"
PHI,"Philadelphia 76ers"
PHI,"Philadelphia 76ers"
PHI,"Philadelphia 76ers"
PHI,"Philadelphia 76ers"
PHI,"Philadelphia 76ers"
PHI,"Philadelphia 76ers"
PHI,"Philadelphia 76ers"
PHI,"Philadelphia 76ers"
PHI,"Philadelphia 76ers"
PHI,"Philadelphia 76ers"
PHI,"Philadelphia 76ers"
PHI,"Philadelphia 76ers"
PHI,"Philadelphia 76ers"
PHI,"Philadelphia 76ers"
PHI,"Philadelphia 76ers"
PHI,"Philadelphia 76ers"
PHI,"Philadelphia 76ers"
PHI,"Philadelphia 76ers"
POR,Portland
POR,Portland
POR,Portland
POR,Portland
POR,Portland
POR,Portland
POR,Portland
POR,Portland
POR,Portland
POR,Portland
POR,Portland
POR,Portland
POR,Portland
POR,Portland
POR,Portland
POR,Portland
POR,Portland
POR,Portland
TOR,"Toronto Raptors"
TOR,"Toronto Raptors"
TOR,"Toronto Raptors"
TOR,"Toronto Raptors"
TOR,"Toronto Raptors"
TOR,"Toronto Raptors"
TOR,"Toronto Raptors"
TOR,"Toronto Raptors"
TOR,"Toronto Raptors"
TOR,"Toronto Raptors"
TOR,"Toronto Raptors"
TOR,"Toronto Raptors"
TOR,"Toronto Raptors"
TOR,"Toronto Raptors"
TOR,"Toronto Raptors"
TOR,"Toronto Raptors"
TOR,"Toronto Raptors"
TOR,"Toronto Raptors"
TOR,"Toronto Raptors"
TOR,"Toronto Raptors"
TOR,"Toronto Raptors"
TOR,"Toronto Raptors"
